{"cameraMode":{"drawMode":0,"name":"Shaded","section":"Shading Mode"},"sceneLighting":true,"audioPlay":false,"sceneViewState":{"m_AlwaysRefresh":false,"showFog":true,"showSkybox":false,"showFlares":true,"showImageEffects":true,"showParticleSystems":true,"showVisualEffectGraphs":true,"m_FxEnabled":true},"in2DMode":false,"pivot":{"x":0.0069935619831085209,"y":0.12770822644233704,"z":-0.1496628224849701},"rotation":{"x":-0.0743827074766159,"y":-0.9193734526634216,"z":-0.21157684922218324,"w":0.3232611119747162},"size":0.9346783757209778,"orthographic":false}