{"cameraMode":{"drawMode":0,"name":"Shaded","section":"Shading Mode"},"sceneLighting":false,"audioPlay":false,"sceneViewState":{"m_AlwaysRefresh":false,"showFog":false,"showSkybox":false,"showFlares":false,"showImageEffects":false,"showParticleSystems":false,"showVisualEffectGraphs":true,"m_FxEnabled":true},"in2DMode":false,"pivot":{"x":-0.01178663969039917,"y":0.9167052507400513,"z":0.16194415092468263},"rotation":{"x":0.0012181887868791819,"y":-0.9976460337638855,"z":0.06625133752822876,"w":0.01856681890785694},"size":1.3966869115829468,"orthographic":false}