{"cameraMode":{"drawMode":0,"name":"Shaded","section":"Shading Mode"},"sceneLighting":true,"audioPlay":false,"sceneViewState":{"m_AlwaysRefresh":false,"showFog":true,"showSkybox":true,"showFlares":true,"showImageEffects":true,"showParticleSystems":true,"showVisualEffectGraphs":true,"m_FxEnabled":true},"in2DMode":false,"pivot":{"x":-1.8670088052749634,"y":4.375926971435547,"z":1.09429931640625},"rotation":{"x":0.18224166333675385,"y":0.02242639847099781,"z":-0.004159541334956884,"w":0.9830121397972107},"size":15.498245239257813,"orthographic":false}