{"cameraMode":{"drawMode":0,"name":"Shaded","section":"Shading Mode"},"sceneLighting":false,"audioPlay":false,"sceneViewState":{"m_AlwaysRefresh":false,"showFog":false,"showSkybox":false,"showFlares":false,"showImageEffects":false,"showParticleSystems":false,"showVisualEffectGraphs":true,"m_FxEnabled":true},"in2DMode":false,"pivot":{"x":-0.08541053533554077,"y":0.8462650775909424,"z":0.1684398651123047},"rotation":{"x":0.06982461363077164,"y":-0.9239862561225891,"z":0.20450375974178315,"w":0.3155713379383087},"size":1.5254253149032593,"orthographic":false}